,accuracy_mean,accuracy_mean,accuracy_mean,precision_macro_mean,precision_macro_mean,precision_macro_mean,recall_macro_mean,recall_macro_mean,recall_macro_mean,f1_macro_mean,f1_macro_mean,f1_macro_mean,fpr_macro_mean,fpr_macro_mean,fpr_macro_mean
method,Dropconnect,Dropout,Ising,Dropconnect,Dropout,Ising,Dropconnect,Dropout,Ising,Dropconnect,Dropout,Ising,Dropconnect,Dropout,Ising
hyperparam,,,,,,,,,,,,,,,
0.1,0.25671999999999995,0.22437999999999997,0.25404,0.2635267406307999,0.22315582104734005,0.2575270676920971,0.25670470405128487,0.2249974071428528,0.25371247427212196,0.25245729627500546,0.1890166901375586,0.23911318365779793,0.08257294970601653,0.08612304844707899,0.08287732432161728
0.5,0.22480000000000003,0.21950000000000003,0.23881999999999998,0.201272619851916,0.22027939227989343,0.23211106607560755,0.22455212810634703,0.2200959820756411,0.23859098473895357,0.18199269518439748,0.17865130572337318,0.20784482320557154,0.08612863381009428,0.08666155296140451,0.08456533317858059
