,accuracy_mean,accuracy_mean,accuracy_mean,precision_macro_mean,precision_macro_mean,precision_macro_mean,recall_macro_mean,recall_macro_mean,recall_macro_mean,f1_macro_mean,f1_macro_mean,f1_macro_mean,fpr_macro_mean,fpr_macro_mean,fpr_macro_mean
method,Dropconnect,Dropout,Ising,Dropconnect,Dropout,Ising,Dropconnect,Dropout,Ising,Dropconnect,Dropout,Ising,Dropconnect,Dropout,Ising
hyperparam,,,,,,,,,,,,,,,
0.1,0.57412,0.7694799999999999,0.6416000000000001,0.5753412800619022,0.7713708294202799,0.6393278624560843,0.574682674150963,0.7700065312121208,0.6422957766294216,0.5651701831301003,0.7679748055332198,0.6333089215253762,0.004301950117877167,0.002328453668661602,0.0036201095324126715
0.5,0.19556,0.30047999999999997,0.47763999999999995,0.1756848220176154,0.29160208089352624,0.48347601108253013,0.19557161659105854,0.30202652035134525,0.4773270112883286,0.1535921328244783,0.2778109036620481,0.4524696304583693,0.008126192114997311,0.00706587976396931,0.005276524233932203
