,accuracy_mean,accuracy_mean,accuracy_mean,precision_macro_mean,precision_macro_mean,precision_macro_mean,recall_macro_mean,recall_macro_mean,recall_macro_mean,f1_macro_mean,f1_macro_mean,f1_macro_mean,fpr_macro_mean,fpr_macro_mean,fpr_macro_mean
method,Dropconnect,Dropout,Ising,Dropconnect,Dropout,Ising,Dropconnect,Dropout,Ising,Dropconnect,Dropout,Ising,Dropconnect,Dropout,Ising
hyperparam,,,,,,,,,,,,,,,
0.1,0.66108,0.5908599999999999,0.57682,0.6625838796453238,0.5928159086443783,0.5751366867050375,0.6609329107090256,0.5904594130262326,0.576846385144081,0.6608353385000427,0.5880895099476331,0.5731970077765068,0.037653890274751765,0.045458130184973654,0.04700808931755633
0.5,0.47884000000000004,0.5518799999999999,0.5583,0.4821846591797252,0.5545629053653828,0.5571443768127343,0.478823555072318,0.5517406610801334,0.558104319519632,0.4717868209606809,0.5456813108846295,0.5546914332249099,0.05789162893309482,0.04978192518843992,0.04906864043453323
