,accuracy_mean,accuracy_mean,accuracy_mean,precision_macro_mean,precision_macro_mean,precision_macro_mean,recall_macro_mean,recall_macro_mean,recall_macro_mean,f1_macro_mean,f1_macro_mean,f1_macro_mean,fpr_macro_mean,fpr_macro_mean,fpr_macro_mean
method,Dropconnect,Dropout,Ising,Dropconnect,Dropout,Ising,Dropconnect,Dropout,Ising,Dropconnect,Dropout,Ising,Dropconnect,Dropout,Ising
hyperparam,,,,,,,,,,,,,,,
0.1,0.8411166666666666,0.8233499999999999,0.82775,0.8406812519826771,0.8242107581467378,0.8269088071395453,0.8412697305658016,0.8230416313410102,0.8276303205897584,0.8405347777707807,0.8219583139011568,0.825877086714011,0.0176545967473751,0.019633065229237766,0.01914222067297919
0.5,0.7551833333333333,0.8115833333333333,0.7770166666666667,0.750781727404075,0.8118918485956759,0.7746504522751166,0.75444353435421,0.8111229249378813,0.7764069941006223,0.743177776683375,0.8077762877921689,0.7686727096742356,0.02721778440415985,0.020944389610169863,0.02479082332523178
