,accuracy_mean,accuracy_mean,accuracy_mean,precision_macro_mean,precision_macro_mean,precision_macro_mean,recall_macro_mean,recall_macro_mean,recall_macro_mean,f1_macro_mean,f1_macro_mean,f1_macro_mean,fpr_macro_mean,fpr_macro_mean,fpr_macro_mean
method,Dropconnect,Dropout,Ising,Dropconnect,Dropout,Ising,Dropconnect,Dropout,Ising,Dropconnect,Dropout,Ising,Dropconnect,Dropout,Ising
hyperparam,,,,,,,,,,,,,,,
0.1,0.04566,0.01628,0.03728,0.04131959313301217,0.0028027655061893418,0.01690480413588668,0.04554795630019887,0.016245843661161993,0.037181300152157745,0.03644020372696419,0.002878846835659487,0.01634510760683979,0.009639890803228293,0.009936998228455028,0.009725365227714612
0.5,0.028999999999999998,0.018080000000000002,0.03424,0.005801286801539305,0.004374267684347488,0.008559826248973404,0.02897575956836565,0.0181483632941564,0.03374414154670148,0.007140212710622353,0.003925301420372943,0.010531033342000728,0.00980918172668933,0.009918536398000131,0.009757145002090767
