,accuracy_mean,accuracy_mean,accuracy_mean,precision_macro_mean,precision_macro_mean,precision_macro_mean,recall_macro_mean,recall_macro_mean,recall_macro_mean,f1_macro_mean,f1_macro_mean,f1_macro_mean,fpr_macro_mean,fpr_macro_mean,fpr_macro_mean
method,Dropconnect,Dropout,Ising,Dropconnect,Dropout,Ising,Dropconnect,Dropout,Ising,Dropconnect,Dropout,Ising,Dropconnect,Dropout,Ising
hyperparam,,,,,,,,,,,,,,,
0.1,0.6050833333333333,0.5601,0.5833333333333334,0.6083354328537098,0.5823115997126184,0.5798074174465615,0.6050483015653666,0.5608713127472751,0.5833245014116095,0.6007608391257856,0.5497584719817166,0.5701815785323912,0.04388872565523837,0.04887617737663229,0.046316279017467064
0.5,0.3771,0.5466166666666666,0.37625000000000003,0.3188619248822517,0.5595415468521676,0.3060388756286596,0.378696233575509,0.546197720525114,0.3776707589311581,0.29850880904264415,0.5282098553560525,0.2957486941334078,0.06920169266540796,0.05039517188458501,0.06929845654422566
