,accuracy_mean,accuracy_mean,accuracy_mean,precision_macro_mean,precision_macro_mean,precision_macro_mean,recall_macro_mean,recall_macro_mean,recall_macro_mean,f1_macro_mean,f1_macro_mean,f1_macro_mean,fpr_macro_mean,fpr_macro_mean,fpr_macro_mean
method,Dropconnect,Dropout,Ising,Dropconnect,Dropout,Ising,Dropconnect,Dropout,Ising,Dropconnect,Dropout,Ising,Dropconnect,Dropout,Ising
hyperparam,,,,,,,,,,,,,,,
0.1,0.9023,0.8813333333333333,0.8793166666666666,0.9024996809949768,0.8817831442482298,0.8789739945994043,0.902384000079628,0.8812908437457351,0.8793028393895611,0.9021814068722772,0.8808330692063271,0.8787294892860187,0.01085629789119349,0.01318744885373328,0.013412208681843901
0.5,0.8184333333333333,0.8752666666666666,0.8350166666666666,0.8183605950209796,0.8755316968488035,0.8344650897406727,0.8177622837999792,0.8748430652982698,0.8346213136080042,0.814433558968527,0.8738495510626031,0.8317659455431,0.020187231552419752,0.013867122146899866,0.018339414550322564
