,accuracy_mean,accuracy_mean,accuracy_mean,precision_macro_mean,precision_macro_mean,precision_macro_mean,recall_macro_mean,recall_macro_mean,recall_macro_mean,f1_macro_mean,f1_macro_mean,f1_macro_mean,fpr_macro_mean,fpr_macro_mean,fpr_macro_mean
method,Dropconnect,Dropout,Ising,Dropconnect,Dropout,Ising,Dropconnect,Dropout,Ising,Dropconnect,Dropout,Ising,Dropconnect,Dropout,Ising
hyperparam,,,,,,,,,,,,,,,
0.1,0.9674833333333334,0.95785,0.9554499999999999,0.9671063252523151,0.957301504370422,0.9549093734564493,0.9669995837027641,0.9573352837210589,0.9548763599311195,0.9670089909989024,0.9571975151674892,0.9547972275828164,0.003608785431738588,0.004675609887033536,0.004942384553889293
0.5,0.9058166666666667,0.9540666666666666,0.9215333333333333,0.9063732263427612,0.9535379223669278,0.9213521905650076,0.9046212064644932,0.9535605887115313,0.9205086818606636,0.9047724797424724,0.9534409433890904,0.9205905288997659,0.010440199536064999,0.00509473325884138,0.00870355865946928
