,accuracy_mean,accuracy_mean,accuracy_mean,precision_macro_mean,precision_macro_mean,precision_macro_mean,recall_macro_mean,recall_macro_mean,recall_macro_mean,f1_macro_mean,f1_macro_mean,f1_macro_mean,fpr_macro_mean,fpr_macro_mean,fpr_macro_mean
method,Dropconnect,Dropout,Ising,Dropconnect,Dropout,Ising,Dropconnect,Dropout,Ising,Dropconnect,Dropout,Ising,Dropconnect,Dropout,Ising
hyperparam,,,,,,,,,,,,,,,
0.1,0.549,0.4893166666666667,0.4655833333333333,0.5450863470864937,0.48492274227421656,0.43795833308739435,0.5413645380343914,0.47952032729415606,0.45415931881582894,0.537407609638439,0.4581201376233571,0.42037934326694265,0.05007112012989562,0.056719154210391975,0.05941850162823511
0.5,0.27640000000000003,0.45278333333333337,0.28936666666666666,0.15499762175830178,0.4458495745110328,0.17836449676508787,0.26214416749968344,0.44075509718336,0.2747970164623261,0.16465896976186986,0.40128686984469814,0.18452761584721708,0.08066765276717174,0.06081992585537469,0.07926942090624173
