,accuracy_mean,accuracy_mean,accuracy_mean,precision_macro_mean,precision_macro_mean,precision_macro_mean,recall_macro_mean,recall_macro_mean,recall_macro_mean,f1_macro_mean,f1_macro_mean,f1_macro_mean,fpr_macro_mean,fpr_macro_mean,fpr_macro_mean
method,Dropconnect,Dropout,Ising,Dropconnect,Dropout,Ising,Dropconnect,Dropout,Ising,Dropconnect,Dropout,Ising,Dropconnect,Dropout,Ising
hyperparam,,,,,,,,,,,,,,,
0.1,0.9230499999999999,0.9068333333333334,0.9105166666666668,0.9222898388826073,0.905850689535977,0.9096836036508604,0.921795081087709,0.9053503091954658,0.9091644834573736,0.9218491808956596,0.90530134164055,0.909170764452775,0.00854029623913764,0.01033854407328334,0.009931077572420434
0.5,0.7959333333333334,0.8951166666666668,0.8486333333333332,0.7938497265420159,0.8945120853058495,0.848062799405761,0.7899265693245573,0.8933194655723276,0.8456917434295408,0.785895310417931,0.8934762446002822,0.845756596952776,0.02264845762413347,0.011638235271843508,0.016791506582635993
