,accuracy_mean,accuracy_mean,accuracy_mean,precision_macro_mean,precision_macro_mean,precision_macro_mean,recall_macro_mean,recall_macro_mean,recall_macro_mean,f1_macro_mean,f1_macro_mean,f1_macro_mean,fpr_macro_mean,fpr_macro_mean,fpr_macro_mean
method,Dropconnect,Dropout,Ising,Dropconnect,Dropout,Ising,Dropconnect,Dropout,Ising,Dropconnect,Dropout,Ising,Dropconnect,Dropout,Ising
hyperparam,,,,,,,,,,,,,,,
0.1,0.22018,0.12706,0.14482,0.22310306124598323,0.12585124181485413,0.13137489635888683,0.22114831946411867,0.12770611278874186,0.14561184675791541,0.2163791392422537,0.10773657425014696,0.119020090829835,0.007876969847941664,0.008817824935305005,0.008638572730341066
0.5,0.1157,0.06856,0.13422,0.09135830041983439,0.05078600454822775,0.11894934071831757,0.11652425970438758,0.06884469626755518,0.13517680488565711,0.08068912390577068,0.04566859470090927,0.10430275931674586,0.008932366823438965,0.009411282734086143,0.008745352635301209
