,accuracy_mean,accuracy_mean,accuracy_mean,precision_macro_mean,precision_macro_mean,precision_macro_mean,recall_macro_mean,recall_macro_mean,recall_macro_mean,f1_macro_mean,f1_macro_mean,f1_macro_mean,fpr_macro_mean,fpr_macro_mean,fpr_macro_mean
method,Dropconnect,Dropout,Ising,Dropconnect,Dropout,Ising,Dropconnect,Dropout,Ising,Dropconnect,Dropout,Ising,Dropconnect,Dropout,Ising
hyperparam,,,,,,,,,,,,,,,
0.1,0.39596,0.29159999999999997,0.23172,0.398120509913614,0.29245442624814894,0.21704293588571288,0.3962601088564114,0.29202820233574217,0.2322055610219246,0.3907894529980448,0.28115254730783157,0.20401894045408991,0.006101484914366086,0.007155604129177835,0.007760563765499886
0.5,0.15814,0.18594,0.2537,0.13440763404663364,0.17417139530073394,0.24636096437561372,0.15884957999566388,0.18673159666206673,0.2539352500048325,0.1184473742237987,0.1626704993576371,0.22609690665231338,0.008503808140526085,0.00822277967890975,0.007538790284166703
