,accuracy_mean,accuracy_mean,accuracy_mean,precision_macro_mean,precision_macro_mean,precision_macro_mean,recall_macro_mean,recall_macro_mean,recall_macro_mean,f1_macro_mean,f1_macro_mean,f1_macro_mean,fpr_macro_mean,fpr_macro_mean,fpr_macro_mean
method,Dropconnect,Dropout,Ising,Dropconnect,Dropout,Ising,Dropconnect,Dropout,Ising,Dropconnect,Dropout,Ising,Dropconnect,Dropout,Ising
hyperparam,,,,,,,,,,,,,,,
0.1,0.49668,0.4354,0.45914,0.5007743890166578,0.4431687218507284,0.45940955856386934,0.49638890505337907,0.4350545908805786,0.45911463346975917,0.49652271042350105,0.4283553800893521,0.45484401192498386,0.05592232361775414,0.06272896858477915,0.06008296122021613
0.5,0.39458000000000004,0.41958,0.42774,0.40108563063951197,0.4270378319964263,0.4349968591985397,0.3947293089810585,0.4197027211936303,0.42793389772872625,0.3841358207007432,0.4101501376767563,0.42069671213957455,0.06724494996257149,0.06447077435542999,0.06356245720205302
